item_name,item_description,size,item_price,name_category,item_category
Pere Magloire Fine V.S,–û–ø–∏—Å–∞–Ω–∏–µ 1,50 –º–ª,500,–ö–∞–ª—å–≤–∞–¥–æ—Å,calvados
Pomme de Victor,–û–ø–∏—Å–∞–Ω–∏–µ 2,50 –º–ª,300,–ö–∞–ª—å–≤–∞–¥–æ—Å,calvados
–°—Ç–∞—Ä–µ–π—à–∏–Ω–∞ 3 –≥–æ–¥–∞,–û–ø–∏—Å–∞–Ω–∏–µ 3,,150,–ö–æ–Ω—å—è–∫,cognac
–ö–∞–ª—å–≤–∞–¥–æ—Å –ü–æ–º–º –î–µ –í–∏–∫—Ç–æ—Ä,–û–ø–∏—Å–∞–Ω–∏–µ 4,,150,–ö–æ–Ω—å—è–∫,cognac
–ñ–∞–∫ –î–µ –õ–∞ –ö—Ä—É–∞,–û–ø–∏—Å–∞–Ω–∏–µ 5,,150,–ö–æ–Ω—å—è–∫,cognac
–†—É–ª–ª–µ –í–°–û–ü,–û–ø–∏—Å–∞–Ω–∏–µ 6,50 –º–ª,540,–ö–æ–Ω—å—è–∫,cognac
–ë—Ä—é–Ω–Ω–µ–ª—å –ù–∞–ø–æ–ª–µ–æ–Ω VSOP,–û–ø–∏—Å–∞–Ω–∏–µ 7,50 –º–ª,240,–ö–æ–Ω—å—è–∫,cognac
–ê–±—Å–µ–Ω—Ç –û–∞–∑–∏—Å,–û–ø–∏—Å–∞–Ω–∏–µ 8,,150,–ê–ø–µ—Ä–µ—Ç–∏–≤—ã / –õ–∏–∫–µ—Ä,liqueurs-aperitifs
–¢—É–Ω–¥—Ä–∞ –ë–∏—Ç–µ—Ä,–û–ø–∏—Å–∞–Ω–∏–µ 9,,150,–ê–ø–µ—Ä–µ—Ç–∏–≤—ã / –õ–∏–∫–µ—Ä,liqueurs-aperitifs
–¢—É–Ω–¥—Ä–∞ –ë–∏—Ç–µ—Ä –ú–∏–Ω—Ç,–û–ø–∏—Å–∞–Ω–∏–µ 10,,150,–ê–ø–µ—Ä–µ—Ç–∏–≤—ã / –õ–∏–∫–µ—Ä,liqueurs-aperitifs
–ê–ø–ø–µ—Ä–æ–ª—å,–û–ø–∏—Å–∞–Ω–∏–µ 11,,180,–ê–ø–µ—Ä–µ—Ç–∏–≤—ã / –õ–∏–∫–µ—Ä,liqueurs-aperitifs
–ú–∞—Ä—Ç–∏–Ω–∏ –≠–∫—Å—Ç—Ä–∞ –î—Ä–∞–π,–û–ø–∏—Å–∞–Ω–∏–µ 12,,150,–ê–ø–µ—Ä–µ—Ç–∏–≤—ã / –õ–∏–∫–µ—Ä,liqueurs-aperitifs
–¢—É–Ω–¥—Ä–∞ –ë–∏—Ç–µ—Ä –û—Ä–∞–Ω–∂,–û–ø–∏—Å–∞–Ω–∏–µ 13,,150,–ê–ø–µ—Ä–µ—Ç–∏–≤—ã / –õ–∏–∫–µ—Ä,liqueurs-aperitifs
 –°–∞–º–±—É–∫–∞ –ù–∏–≤–∞,–û–ø–∏—Å–∞–Ω–∏–µ 14,,150,–ê–ø–µ—Ä–µ—Ç–∏–≤—ã / –õ–∏–∫–µ—Ä,liqueurs-aperitifs
–ê–ø–µ—Ä–µ—Ç–∏–≤–æ,–û–ø–∏—Å–∞–Ω–∏–µ 15,50 –º–ª,100,–ê–ø–µ—Ä–µ—Ç–∏–≤—ã / –õ–∏–∫–µ—Ä,liqueurs-aperitifs
Limonica Sambuca Extra,–û–ø–∏—Å–∞–Ω–∏–µ 16,50 –º–ª,160,–ê–ø–µ—Ä–µ—Ç–∏–≤—ã / –õ–∏–∫–µ—Ä,liqueurs-aperitifs
–ß–∞–π,–û–ø–∏—Å–∞–Ω–∏–µ 17,,70,–ö–æ—Ñ–µ ‚òïÔ∏è,coffee
–õ–∞—Ç—Ç–µ,–û–ø–∏—Å–∞–Ω–∏–µ 18,,120,–ö–æ—Ñ–µ ‚òïÔ∏è,coffee
–ö–∞–ø—É—á–∏–Ω–æ,–û–ø–∏—Å–∞–Ω–∏–µ 19,,100,–ö–æ—Ñ–µ ‚òïÔ∏è,coffee
–ê–º–µ—Ä–∏–∫–∞–Ω–æ,–û–ø–∏—Å–∞–Ω–∏–µ 20,,50,–ö–æ—Ñ–µ ‚òïÔ∏è,coffee
–≠—Å–ø—Ä–µ—Å—Å–æ,–û–ø–∏—Å–∞–Ω–∏–µ 21,,50,–ö–æ—Ñ–µ ‚òïÔ∏è,coffee
–ê—Ä–∞—Ö–∏—Å,–û–ø–∏—Å–∞–Ω–∏–µ 22,100 –≥—Ä,150,–ö—É—Ö–Ω—è ü•ò,kitchen
–ë—Ä—É—Å–∫–µ—Ç —Å –ø–∞—à—Ç–µ—Ç–æ–º 4—à—Ç,–û–ø–∏—Å–∞–Ω–∏–µ 23,180-200–≥—Ä,250,–ö—É—Ö–Ω—è ü•ò,kitchen
–í—è–ª–µ–Ω–Ω–æ–µ –º—è—Å–æ,–û–ø–∏—Å–∞–Ω–∏–µ 24,,350,–ö—É—Ö–Ω—è ü•ò,kitchen
–ì–æ–≤—è–¥–∏–Ω–∞ –í—è–ª–µ–Ω–Ω–æ–µ –º—è—Å–æ,–û–ø–∏—Å–∞–Ω–∏–µ 25,,250,–ö—É—Ö–Ω—è ü•ò,kitchen
–ö—É—Ä–∏—Ü–∞ –í—è–ª–µ–Ω–Ω–æ–µ –º—è—Å–æ,–û–ø–∏—Å–∞–Ω–∏–µ 26,,300,–ö—É—Ö–Ω—è ü•ò,kitchen
–°–≤–∏–Ω–∏–Ω–∞,–û–ø–∏—Å–∞–Ω–∏–µ 27,,                 ??,–ö—É—Ö–Ω—è ü•ò,kitchen
–ì—Ä–µ–Ω–∫–∏ —Å –º–æ—Ü–∞—Ä–µ–ª–ª–∞ 8 —à—Ç,–û–ø–∏—Å–∞–Ω–∏–µ 28,250 –≥—Ä,150,–ö—É—Ö–Ω—è ü•ò,kitchen
–§—Ä–∏,–û–ø–∏—Å–∞–Ω–∏–µ 29,100 –≥—Ä,100,–ö—É—Ö–Ω—è ü•ò,kitchen
–ê–π–¥–∞—Ö–æ,–û–ø–∏—Å–∞–Ω–∏–µ 30,100 –≥—Ä,120,–ö—É—Ö–Ω—è ü•ò,kitchen
–ö—Ä—ã–ª—å—è –ë–∞—Ñ—Ñ–∞–ª–æ 7—à—Ç,–û–ø–∏—Å–∞–Ω–∏–µ 31,,320,–ö—É—Ö–Ω—è ü•ò,kitchen
–ù–æ–∂–∫–∏ 3—à—Ç,–û–ø–∏—Å–∞–Ω–∏–µ 32,,320,–ö—É—Ö–Ω—è ü•ò,kitchen
–ö—É–ø–∞—Ç—ã 2—à—Ç,–û–ø–∏—Å–∞–Ω–∏–µ 33,,390,–ö—É—Ö–Ω—è ü•ò,kitchen
–ù–∞–≥–≥–µ—Ç—Å—ã 6—à—Ç,–û–ø–∏—Å–∞–Ω–∏–µ 34,,130,–ö—É—Ö–Ω—è ü•ò,kitchen
–ü–∞—É—Ç–∏–Ω–∫–∞ —Å –º—è—Å–æ–º,–û–ø–∏—Å–∞–Ω–∏–µ 35,220 –≥—Ä,300,–ö—É—Ö–Ω—è ü•ò,kitchen
–ü–µ–ª—å–º–µ–Ω–∏,–û–ø–∏—Å–∞–Ω–∏–µ 36,100 –≥—Ä,150,–ö—É—Ö–Ω—è ü•ò,kitchen
–°–∞–ª–æ –¥–≤–∞ –≤–∏–¥–∞,–û–ø–∏—Å–∞–Ω–∏–µ 37,60 –≥—Ä,250,–ö—É—Ö–Ω—è ü•ò,kitchen
–°—ã—Ä –∫–æ—Å–∏—á–∫–∞,–û–ø–∏—Å–∞–Ω–∏–µ 38,100 –≥—Ä,200,–ö—É—Ö–Ω—è ü•ò,kitchen
–§–∏—Å—Ç–∞—à–∫–∏,–û–ø–∏—Å–∞–Ω–∏–µ 39,100 –≥—Ä,250,–ö—É—Ö–Ω—è ü•ò,kitchen
IPA,–û–ø–∏—Å–∞–Ω–∏–µ 40,,260,–ü–∏–≤–æ üç∫,beer
–õ–∞–≥–µ—Ä –¢–µ–ª—å–º–∞–Ω,–û–ø–∏—Å–∞–Ω–∏–µ 41,"0,5 –ª",220,–ü–∏–≤–æ üç∫,beer
–ö—Ä–∞—Ñ—Ç –±–∞–Ω–∫–∞,–û–ø–∏—Å–∞–Ω–∏–µ 42,,350,–ü–∏–≤–æ üç∫,beer
Peterhof,–û–ø–∏—Å–∞–Ω–∏–µ 43,"0,5 –ª",150,–ü–∏–≤–æ üç∫,beer
–ß–µ—Ä–Ω–∏—á–Ω—ã–π —Å—Ç—Ä–∞—É—Ç,–û–ø–∏—Å–∞–Ω–∏–µ 44,"0,5 –ª",240,–ü–∏–≤–æ üç∫,beer
–¢–æ–º–∞—Ç–Ω—ã–π –ì–æ–∑–µ,–û–ø–∏—Å–∞–Ω–∏–µ 45,,250,–ü–∏–≤–æ üç∫,beer
–®–∞—Ç–æ –¢–∞–º–∞–Ω—å –ë–µ–ª–æ–µ,–û–ø–∏—Å–∞–Ω–∏–µ 46,,280,–®–∞–º–ø–∞–Ω—Å–∫–æ–µ üçæ,champagne
–®–∞—Ç–æ –¢–∞–º–∞–Ω—å –ò–≥—Ä–∏—Å—Ç–æ–µ,–û–ø–∏—Å–∞–Ω–∏–µ 47,,250,–®–∞–º–ø–∞–Ω—Å–∫–æ–µ üçæ,champagne
–®–∞—Ç–æ –¢–∞–º–∞–Ω—å –†–æ–∑–æ–≤–æ–µ,–û–ø–∏—Å–∞–Ω–∏–µ 48,,280,–®–∞–º–ø–∞–Ω—Å–∫–æ–µ üçæ,champagne
 ADRENALINE Rush,–û–ø–∏—Å–∞–Ω–∏–µ 49,"0,5 –ª",150,–ë–µ–∑–∞–ª–∫–æ–≥–æ–ª—å–Ω—ã–µ –Ω–∞–ø–∏—Ç–∫–∏,soft-drinks
AQUA MINERALE,–û–ø–∏—Å–∞–Ω–∏–µ 50,"0,5 –ª",80,–ë–µ–∑–∞–ª–∫–æ–≥–æ–ª—å–Ω—ã–µ –Ω–∞–ø–∏—Ç–∫–∏,soft-drinks
–õ–ò–ú–û–ù–ê–î,–û–ø–∏—Å–∞–Ω–∏–µ 51,,55,–ë–µ–∑–∞–ª–∫–æ–≥–æ–ª—å–Ω—ã–µ –Ω–∞–ø–∏—Ç–∫–∏,soft-drinks
"–ù–∞–ø–∏—Ç–æ–∫ ""–ö–æ–∫–∞-–∫–æ–ª–∞""",–û–ø–∏—Å–∞–Ω–∏–µ 52,,440,–ë–µ–∑–∞–ª–∫–æ–≥–æ–ª—å–Ω—ã–µ –Ω–∞–ø–∏—Ç–∫–∏,soft-drinks
–¢–æ–ø–ø–∏–Ω–≥,–û–ø–∏—Å–∞–Ω–∏–µ 53,,35,–ë–µ–∑–∞–ª–∫–æ–≥–æ–ª—å–Ω—ã–µ –Ω–∞–ø–∏—Ç–∫–∏,soft-drinks
–¢–æ–Ω–∏–∫,–û–ø–∏—Å–∞–Ω–∏–µ 54,,300,–ë–µ–∑–∞–ª–∫–æ–≥–æ–ª—å–Ω—ã–µ –Ω–∞–ø–∏—Ç–∫–∏,soft-drinks
–°–æ–∫,–û–ø–∏—Å–∞–Ω–∏–µ 55,,400,–ë–µ–∑–∞–ª–∫–æ–≥–æ–ª—å–Ω—ã–µ –Ω–∞–ø–∏—Ç–∫–∏,soft-drinks
–ü–∞—á—É–∫–∞ –°–∏–ª—å–≤–µ—Ä,–û–ø–∏—Å–∞–Ω–∏–µ 56,50 –º–ª,180,–¢–µ–∫–∏–ª–∞ üåµ,tequila
–¢–µ–∫–∏–ª–∞ —Å–∏–ª—å–≤–µ—Ä NEWTON,–û–ø–∏—Å–∞–Ω–∏–µ 57,50 –º–ª,200,–¢–µ–∫–∏–ª–∞ üåµ,tequila
–û–ª–¥ –ú–æ–Ω–∫ –í—ã–¥–µ—Ä–∂–∞–Ω–Ω—ã–π,–û–ø–∏—Å–∞–Ω–∏–µ 58,,200,–†–æ–º,rum
–û–ª–¥ –ú–æ–Ω–∫ –ë–µ–ª—ã–π,–û–ø–∏—Å–∞–Ω–∏–µ 59,,170,–†–æ–º,rum
–†–û–ú –≠–õ–ï –ë–û–ö–û –ë–õ–ï–ö,–û–ø–∏—Å–∞–Ω–∏–µ 60,50 –º–ª,160,–†–æ–º,rum
–†–û–ú –≠–õ–ï –ë–û–ö–û –í–ê–ô–¢,–û–ø–∏—Å–∞–Ω–∏–µ 61,50 –º–ª,160,–†–æ–º,rum
–î–∂–∏–º –ë–∏–º,–û–ø–∏—Å–∞–Ω–∏–µ 62,,250,–í–∏—Å–∫–∏ ü•É,whiskey
–î–∂–∏–º –ë–∏–º –†–µ–¥ –°—Ç–∞–≥,–û–ø–∏—Å–∞–Ω–∏–µ 63,,250,–í–∏—Å–∫–∏ ü•É,whiskey
–î–∂–∏–º –ë–∏–º –•–∞–Ω–∏,–û–ø–∏—Å–∞–Ω–∏–µ 64,,250,–í–∏—Å–∫–∏ ü•É,whiskey
–î–∂–∏–º –ë–∏–º –≠–ø–ø–ª,–û–ø–∏—Å–∞–Ω–∏–µ 65,,250,–í–∏—Å–∫–∏ ü•É,whiskey
Blend,–û–ø–∏—Å–∞–Ω–∏–µ 66,50 –º–ª,180,–í–∏—Å–∫–∏ ü•É,whiskey
GlenDale,–û–ø–∏—Å–∞–Ω–∏–µ 67,50 –º–ª,230,–í–∏—Å–∫–∏ ü•É,whiskey
William Watt,–û–ø–∏—Å–∞–Ω–∏–µ 68,50 –º–ª,150,–í–∏—Å–∫–∏ ü•É,whiskey
–ö–ï–ù–¢–£–ö–ò –ë–û–£–¢,–û–ø–∏—Å–∞–Ω–∏–µ 69,50 –º–ª,230,–í–∏—Å–∫–∏ ü•É,whiskey
–ú–ê–ö –î–£–ö–ê–ù –ú–Å–î ,–û–ø–∏—Å–∞–Ω–∏–µ 70,50 –º–ª,100,–í–∏—Å–∫–∏ ü•É,whiskey
Royal Hunt,–û–ø–∏—Å–∞–Ω–∏–µ 71,50 –º–ª,150,–í–∏—Å–∫–∏ ü•É,whiskey
–ù–∞—Å—Ç–æ–π–∫–∞,–û–ø–∏—Å–∞–Ω–∏–µ 72,150 –º–ª,150,–í–æ–¥–∫–∞,vodka
–°–∞–º–∞–≥–æ–Ω,–û–ø–∏—Å–∞–Ω–∏–µ 73,,150,–í–æ–¥–∫–∞,vodka
–¶–∞—Ä—Å–∫–∞—è –ó–æ–ª–æ—Ç–∞—è,–û–ø–∏—Å–∞–Ω–∏–µ 74,,120,–í–æ–¥–∫–∞,vodka
–¶–∞—Ä—Å–∫–∞—è –û—Ä–∏–≥,–û–ø–∏—Å–∞–Ω–∏–µ 75,,100,–í–æ–¥–∫–∞,vodka
–¶–ê–†–°–ö–ê–Ø –ì–†–£–®–ê,–û–ø–∏—Å–∞–Ω–∏–µ 76,50 –º–ª,130,–í–æ–¥–∫–∞,vodka
–¶–∞—Ä—Å–∫–∞—è –≥—Ä–µ–π–ø—Ñ—Ä—É—Ç,–û–ø–∏—Å–∞–Ω–∏–µ 77,50 –º–ª,130,–í–æ–¥–∫–∞,vodka
–¶–ê–†–°–ö–ê–Ø –°–ï–õ–û,–û–ø–∏—Å–∞–Ω–∏–µ 78,50 –º–ª,130,–í–æ–¥–∫–∞,vodka
–¶–ê–†–°–ö–ê–Ø –¶–ò–¢–†–û–ù,–û–ø–∏—Å–∞–Ω–∏–µ 79,50 –º–ª,130,–í–æ–¥–∫–∞,vodka
–¶–ê–†–°–ö–ê–Ø –ú–ê–õ–ò–ù–ê,–û–ø–∏—Å–∞–Ω–∏–µ 80,50 –º–ª,130,–í–æ–¥–∫–∞,vodka
–¶–ê–†–°–ö–ê–Ø –ö–õ–Æ–ö–í–ï–ù–ù–ê–Ø,–û–ø–∏—Å–∞–Ω–∏–µ 81,50 –º–ª,130,–í–æ–¥–∫–∞,vodka
–ß–∞–π–∫–æ–≤—Å–∫–∏–π –≤–æ–¥–∫–∞,–û–ø–∏—Å–∞–Ω–∏–µ 82,50 –º–ª,150,–í–æ–¥–∫–∞,vodka
